                  epoch,             train/loss,  metrics/accuracy_top1,  metrics/accuracy_top5,               val/loss,                 lr/pg0,                 lr/pg1,                 lr/pg2
                      1,                 1.4501,                 0.2766,                      1,                 1.3901,             0.00011424,             0.00011424,             0.00011424
                      2,                 1.3812,                 0.3617,                      1,                  1.385,             0.00022396,             0.00022396,             0.00022396
